<?xml version="1.0" encoding="UTF-8"?>
<!DOCTYPE mapper PUBLIC "-//mybatis.org//DTD Mapper 3.0//EN" 
	"http://mybatis.org/dtd/mybatis-3-mapper.dtd">
<mapper namespace="DictionariesMapper">
	
	<!-- ================================================================================================== -->
	
	

	<!-- 修改 -->
	<update id="edit" parameterType="pd">
		update  "SYS_DICTIONARIES"
			set "NAME"    = #{NAME},
				"ORDY_BY" = #{ORDY_BY},
				"BIANMA"  = #{BIANMA},
				"P_BM"	  = #{P_BM}
			where 
				"ZD_ID" = #{ZD_ID}
	</update>
	
	<!-- 通过id获取数据 -->
	<select id="findById" parameterType="pd" resultType="pd">
		select 
			"ZD_ID",
			"NAME",
			"BIANMA",
			"ORDY_BY",
			"PARENT_ID",
			"JB",
			"P_BM"
		from 
			"SYS_DICTIONARIES"
		where 
			"ZD_ID" = #{ZD_ID}
	</select>
	
	<!-- 新增 -->
	<insert id="save" parameterType="pd">
		insert into "SYS_DICTIONARIES" (
			"ZD_ID",
			"NAME",
			"BIANMA",
			"ORDY_BY",
			"PARENT_ID",
			"JB",
			"P_BM"
		) values (
			#{ZD_ID},
			#{NAME},
			#{BIANMA},
			#{ORDY_BY},
			#{PARENT_ID},
			#{JB},
			#{P_BM}
		)
	</insert>
	
	<!-- 列表 -->
	<select id="dictlistPage" parameterType="page" resultType="pd">
		select  z1."ZD_ID",
				z1."NAME",
				z1."BIANMA",
				z1."ORDY_BY",
				z1."PARENT_ID",
				z1."JB",
				z1."P_BM",
				z2."NAME" PNAME
		from "SYS_DICTIONARIES" z1
		left join
			"SYS_DICTIONARIES" z2 
		on  z1."PARENT_ID" = z2."ZD_ID" 
		where 
		    z1."PARENT_ID" = #{pd.PARENT_ID}
		<if test="pd.NAME != null and pd.NAME != ''">
			and z1."NAME" LIKE CONCAT(CONCAT('%', #{pd.NAME}),'%') 
		</if>
		order by z1."ORDY_BY"
	</select>
	
	<!-- 查询总数 -->
	<select id="findCount" parameterType="pd" resultType="pd">
		select 
			count("ZD_ID") ZS
		from 
			"SYS_DICTIONARIES"
		where 
			"PARENT_ID" = #{ZD_ID}
	</select>
	
	<!-- 查询某编码 -->
	<select id="findBmCount" parameterType="pd" resultType="pd">
		select 
			"ZD_ID"
		from 
			"SYS_DICTIONARIES"
		where 
			"BIANMA" = #{BIANMA}
		<if test="ZD_ID != null and ZD_ID != ''">
			and "ZD_ID" != #{ZD_ID} 
		</if>
	</select>
	
	<!-- 删除用户 -->
	<delete id="delete" parameterType="pd">
		delete from "SYS_DICTIONARIES" 
		where 
			"ZD_ID" = #{ZD_ID}
	</delete>
	
	<!-- ================================================================================================== -->
	
</mapper>