<?xml version="1.0" encoding="UTF-8"?>
<beans xmlns="http://www.springframework.org/schema/beans"
		xmlns:xsi="http://www.w3.org/2001/XMLSchema-instance"
		xmlns:context="http://www.springframework.org/schema/context"
		xmlns:aop="http://www.springframework.org/schema/aop"
		xmlns:tx="http://www.springframework.org/schema/tx"
		xmlns:mvc="http://www.springframework.org/schema/mvc"
		xsi:schemaLocation="http://www.springframework.org/schema/beans classpath:org/springframework/beans/factory/xml/spring-beans-4.0.xsd
				http://www.springframework.org/schema/context classpath:org/springframework/context/config/spring-context-4.0.xsd
				http://www.springframework.org/schema/aop classpath:org/springframework/aop/config/spring-aop-4.0.xsd
				http://www.springframework.org/schema/tx classpath:org/springframework/transaction/config/spring-tx-4.0.xsd
				http://www.springframework.org/schema/mvc classpath:org/springframework/web/servlet/config/spring-mvc-4.0.xsd">

	<mvc:annotation-driven/>
	
	<mvc:resources location="/static/" mapping="/static/**"/>
	
	<context:component-scan base-package="com.jeefw.controller" />
	
	<bean class="org.springframework.web.servlet.mvc.annotation.AnnotationMethodHandlerAdapter" />
	
	<!-- Enable annotation-based controllers using @Controller annotations -->
    <bean id="annotationUrlMapping" class="org.springframework.web.servlet.mvc.annotation.DefaultAnnotationHandlerMapping">
        <property name="interceptors" ref="currentUserInterceptor"/>
    </bean>
    
    <!-- Enable Shiro Annotations for Spring-configured beans.  Only run after the lifecycleBeanProcessor has run -->
	<bean class="org.springframework.aop.framework.autoproxy.DefaultAdvisorAutoProxyCreator" depends-on="lifecycleBeanPostProcessor"/>
	<bean class="org.apache.shiro.spring.security.interceptor.AuthorizationAttributeSourceAdvisor">
	    <property name="securityManager" ref="securityManager"/>
	</bean>
	
	<!-- 
	<bean class="org.springframework.web.servlet.mvc.method.annotation.RequestMappingHandlerAdapter">
		<property name="messageConverters">
			<list>
				<bean class="org.springframework.http.converter.StringHttpMessageConverter">
					<property name="supportedMediaTypes">
						<list>
							<value>text/plain;charset=UTF-8</value>
						</list>
					</property>
				</bean>
				<bean class="org.springframework.http.converter.json.MappingJacksonHttpMessageConverter">
					<property name="supportedMediaTypes">
						<list>
							<value>text/plain;charset=UTF-8</value>
							<value>application/json;charset=UTF-8</value>
						</list>
					</property>
				</bean>
			</list>
		</property>
	</bean>
	-->
	
	<bean id="viewResolver" class="org.springframework.web.servlet.view.InternalResourceViewResolver"> 
		<property name="viewClass"><value>org.springframework.web.servlet.view.JstlView</value></property> 
		<property name="prefix"><value>/WEB-INF/page/</value></property> 
		<property name="suffix"><value>.jsp</value></property>
	</bean>
	
	<bean id="messageSource" class="org.springframework.context.support.ResourceBundleMessageSource">
		<property name="basename" value="messages" />
		<property name="useCodeAsDefaultMessage" value="true" />
	</bean>
	
	<bean id="multipartResolver" class="org.springframework.web.multipart.commons.CommonsMultipartResolver">
		<!--<property name="maxUploadSize" value="10485760"></property> -->
	</bean> 
	
</beans>