<?xml version="1.0" encoding="UTF-8"?>
<!DOCTYPE mapper PUBLIC "-//mybatis.org//DTD Mapper 3.0//EN" "http://mybatis.org/dtd/mybatis-3-mapper.dtd">
<mapper namespace="PicturesMapper">
	
	
	<!-- 新增-->
	<insert id="save" parameterType="pd">
		insert into "TB_PICTURES"(
			"TITLE",	
			"NAME",	
			"PATH",	
			"CREATETIME",	
			"MASTER_ID",	
			"BZ",	
			"PICTURES_ID"
		) values (
			#{TITLE},	
			#{NAME},	
			#{PATH},	
			#{CREATETIME},	
			#{MASTER_ID},	
			#{BZ},	
			#{PICTURES_ID}
		)
	</insert>
	
	
	<!-- 删除-->
	<delete id="delete" parameterType="pd">
		delete from "TB_PICTURES"
		where 
			"PICTURES_ID" = #{PICTURES_ID}
	</delete>
	
	
	<!-- 修改 -->
	<update id="edit" parameterType="pd">
		update  "TB_PICTURES"
			set 
				"TITLE" = #{TITLE},	
				<if test="NAME != null and NAME != ''">
				"NAME" = #{NAME},
				</if>	
				"MASTER_ID" = #{MASTER_ID},	
				"BZ" = #{BZ},	
			"PICTURES_ID" = "PICTURES_ID"
			where 
				"PICTURES_ID" = #{PICTURES_ID}
	</update>
	
	
	<!-- 通过ID获取数据 -->
	<select id="findById" parameterType="pd" resultType="pd">
		select 
			"TITLE",	
			"NAME",	
			"PATH",	
			"CREATETIME",	
			"MASTER_ID",	
			"BZ",	
			"PICTURES_ID"
		from 
			"TB_PICTURES"
		where 
			"PICTURES_ID" = #{PICTURES_ID}
	</select>
	
	
	<!-- 列表 -->
	<select id="datalistPage" parameterType="page" resultType="pd">
		select
				a."TITLE",	
				a."NAME",	
				a."PATH",	
				a."CREATETIME",	
				a."MASTER_ID",	
				a."BZ",	
				a."PICTURES_ID"
		from 
				"TB_PICTURES" a
						where 1 = 1
		<if test="pd.KEYW != null and pd.KEYW != ''"><!-- 关键词检索 -->
			and
				(
					 a."TITLE" LIKE CONCAT(CONCAT('%', #{pd.KEYW}),'%')
					 or 
					 a."NAME LIKE" CONCAT(CONCAT('%', #{pd.KEYW}),'%') 
					 or
					 a."PICTURES_ID" LIKE CONCAT(CONCAT('%', #{pd.KEYW}),'%')
					 or
					 a."MASTER_ID" LIKE CONCAT(CONCAT('%', #{pd.KEYW}),'%')
				)
		</if>
	</select>
	
	<!-- 列表(全部) -->
	<select id="listAll" parameterType="pd" resultType="pd">
		select
				a."TITLE",	
				a."NAME",	
				a."PATH",	
				a."CREATETIME",	
				a."MASTER_ID",	
				a."BZ",	
				a."PICTURES_ID"
		from 
				"TB_PICTURES" a
	</select>
	
	<!-- 批量删除 -->
	<delete id="deleteAll" parameterType="String">
		delete from "TB_PICTURES"
		where 
			"PICTURES_ID" in
		<foreach item="item" index="index" collection="array" open="(" separator="," close=")">
                 #{item}
		</foreach>
	</delete>
	
	<!-- 批量获取 -->
	<select id="getAllById" parameterType="String" resultType="pd">
		select "PATH" from "TB_PICTURES"
		where 
			"PICTURES_ID" in
		<foreach item="item" index="index" collection="array" open="(" separator="," close=")">
                 #{item}
		</foreach>
	</select>
	
	<!-- 删除图片 -->
	<update id="delTp" parameterType="pd">
		update  "TB_PICTURES"
			set 
				"PATH"			= ''
			where 
				"PICTURES_ID" = #{PICTURES_ID}
	</update>
</mapper>